option,target,estimator,n,leaky_r2,nested_r2,baseline_r2,optimism,mean_dim,top_feats
vi,average_canopy_openness,OLS,48,0.18743709252544272,0.17720447682860607,-0.07714254793349995,0.010232615696836644,2.8,canopy_openness_DEM(10); range_DEM(5); cv_DEM(4); contrast_GLI(4)
vi,average_canopy_openness,RF_tuned,48,0.04824590819390151,0.040224261071656775,-0.07714254793349995,0.008021647122244735,2.8,canopy_openness_DEM(10); range_DEM(5); cv_DEM(4); contrast_GLI(4)
vi,Circle_change_mm,OLS,32,-0.12590088158657564,-0.2360729926858922,-0.11826117746318454,0.11017211109931657,3.0,canopy_openness_DEM(10); cv_DEM(6); contrast_ReNDVI(5); range_DEM(4)
vi,Circle_change_mm,RF_tuned,32,-0.07447512783754151,-0.11147902453611591,-0.11826117746318454,0.0370038966985744,3.0,canopy_openness_DEM(10); cv_DEM(6); contrast_ReNDVI(5); range_DEM(4)
vi,Harvesting_path_change_mm,OLS,32,-0.07662270570477525,-0.06424598999338871,-0.09130661836130138,-0.012376715711386543,3.0,canopy_openness_DEM(10); contrast_Clre(5); energy_NDVI(5); contrast_NDVI(4)
vi,Harvesting_path_change_mm,RF_tuned,32,-0.26159743321431517,-0.20801143078890472,-0.09130661836130138,-0.05358600242541045,3.0,canopy_openness_DEM(10); contrast_Clre(5); energy_NDVI(5); contrast_NDVI(4)
vi,Windrow_change_mm,OLS,32,-0.16743115777661366,-0.16175909916984832,-0.05903936292844136,-0.00567205860676534,3.0,canopy_openness_DEM(10); contrast_Clre(8); energy_Clre(6); range_DEM(2)
vi,Windrow_change_mm,RF_tuned,32,0.16166819537929733,0.010622379729043563,-0.05903936292844136,0.15104581565025377,3.0,canopy_openness_DEM(10); contrast_Clre(8); energy_Clre(6); range_DEM(2)
vi,average_change_mm,OLS,32,-0.06061824896250534,-0.05299961811841514,-0.11904984215003012,-0.007618630844090202,3.0,canopy_openness_DEM(10); energy_Clre(6); contrast_Clre(6); range_NDVI(3)
vi,average_change_mm,RF_tuned,32,0.21353695456453903,0.06200691856693907,-0.11904984215003012,0.15153003599759995,3.0,canopy_openness_DEM(10); energy_Clre(6); contrast_Clre(6); range_NDVI(3)
vi,average_seed_removed_proportion,OLS,48,-0.08164150672509418,-0.0992972301583388,-0.030866142581255085,0.01765572343324462,3.1,canopy_openness_DEM(10); contrast_GLI(6); cv_DEM(4); range_DEM(3)
vi,average_seed_removed_proportion,RF_tuned,48,-0.01130441200729182,-0.05378819352752484,-0.030866142581255085,0.04248378152023302,3.1,canopy_openness_DEM(10); contrast_GLI(6); cv_DEM(4); range_DEM(3)
bands,average_canopy_openness,OLS,48,0.04803862442173945,0.05095818761912929,-0.07714254793349995,-0.0029195631973898406,4.0,
bands,average_canopy_openness,RF_tuned,48,-0.0896149587699282,0.001480866081049026,-0.07714254793349995,-0.09109582485097723,4.0,
bands,Circle_change_mm,OLS,32,-0.1945440920313104,-0.1733219022935406,-0.11826117746318454,-0.021222189737769792,4.0,
bands,Circle_change_mm,RF_tuned,32,-0.16788584844108922,-0.23216955903119474,-0.11826117746318454,0.06428371059010551,4.0,
bands,Harvesting_path_change_mm,OLS,32,-0.17863877831651487,-0.16189976110699722,-0.09130661836130138,-0.016739017209517648,4.0,
bands,Harvesting_path_change_mm,RF_tuned,32,-0.10209146428775129,-0.06367901490786876,-0.09130661836130138,-0.03841244937988253,4.0,
bands,Windrow_change_mm,OLS,32,-0.2394983354201592,-0.24159548487391236,-0.05903936292844136,0.0020971494537531665,4.0,
bands,Windrow_change_mm,RF_tuned,32,-0.15843997959546785,-0.04889577796865563,-0.05903936292844136,-0.10954420162681222,4.0,
bands,average_change_mm,OLS,32,-0.2496326145980694,-0.2301480195022525,-0.11904984215003012,-0.019484595095816903,4.0,
bands,average_change_mm,RF_tuned,32,-0.05601191994402721,-0.045452866709493334,-0.11904984215003012,-0.010559053234533877,4.0,
bands,average_seed_removed_proportion,OLS,48,-0.22348093575724537,-0.22120155227504812,-0.030866142581255085,-0.0022793834821972503,4.0,
bands,average_seed_removed_proportion,RF_tuned,48,0.1479032744366917,0.04686976787655395,-0.030866142581255085,0.10103350656013776,4.0,
bands+vi,average_canopy_openness,OLS,48,0.23590719352766565,0.14377199594121415,-0.07714254793349995,0.0921351975864515,2.9,canopy_openness_DEM(10); cv_DEM(8); contrast_band5(5); range_DEM(2)
bands+vi,average_canopy_openness,RF_tuned,48,0.04034784313229911,0.045340441768157214,-0.07714254793349995,-0.004992598635858103,2.9,canopy_openness_DEM(10); cv_DEM(8); contrast_band5(5); range_DEM(2)
bands+vi,Circle_change_mm,OLS,32,-0.1762101675904968,-0.0568423773509088,-0.11826117746318454,-0.11936779023958799,3.0,canopy_openness_DEM(10); range_DEM(6); cv_DEM(4); contrast_NDVI(3)
bands+vi,Circle_change_mm,RF_tuned,32,-0.1366534233714236,-0.2390586236287653,-0.11826117746318454,0.10240520025734168,3.0,canopy_openness_DEM(10); range_DEM(6); cv_DEM(4); contrast_NDVI(3)
bands+vi,Harvesting_path_change_mm,OLS,32,-0.07662270570477525,-0.05374460122899749,-0.09130661836130138,-0.02287810447577776,3.0,canopy_openness_DEM(10); contrast_NDVI(6); contrast_Clre(4); range_DEM(4)
bands+vi,Harvesting_path_change_mm,RF_tuned,32,-0.26159743321431517,-0.059016988860989716,-0.09130661836130138,-0.20258044435332545,3.0,canopy_openness_DEM(10); contrast_NDVI(6); contrast_Clre(4); range_DEM(4)
bands+vi,Windrow_change_mm,OLS,32,-0.16743115777661366,-0.25560589343009177,-0.05903936292844136,0.08817473565347811,3.0,canopy_openness_DEM(9); energy_Clre(6); contrast_Clre(5); contrast_band5(3)
bands+vi,Windrow_change_mm,RF_tuned,32,0.16166819537929733,-0.0763086896119336,-0.05903936292844136,0.23797688499123093,3.0,canopy_openness_DEM(9); energy_Clre(6); contrast_Clre(5); contrast_band5(3)
bands+vi,average_change_mm,OLS,32,-0.06061824896250534,-0.09361197709286273,-0.11904984215003012,0.03299372813035739,3.0,canopy_openness_DEM(10); energy_Clre(5); range_DEM(5); contrast_Clre(2)
bands+vi,average_change_mm,RF_tuned,32,0.21353695456453903,0.13948387991543265,-0.11904984215003012,0.07405307464910638,3.0,canopy_openness_DEM(10); energy_Clre(5); range_DEM(5); contrast_Clre(2)
bands+vi,average_seed_removed_proportion,OLS,48,-0.07366654178899168,-0.10819962746355527,-0.030866142581255085,0.03453308567456359,3.0,canopy_openness_DEM(10); range_DEM(5); contrast_band5(5); contrast_ReNDVI(3)
bands+vi,average_seed_removed_proportion,RF_tuned,48,-0.0728050784460379,-0.3041106712803576,-0.030866142581255085,0.23130559283431973,3.0,canopy_openness_DEM(10); range_DEM(5); contrast_band5(5); contrast_ReNDVI(3)
