timepoint,date.collected,river,treatment,side,transect,point,og.site.label,time.collected,wet.weight.g,dry.weight.g,date.measured,notes,measurer,typist,date.typed,Checked by?,Date checked?
baseline,08/12/2017,PLPE,A,East,150m,buffer.core,A-East-150m-BufferCore,15:07,235,74,08/12/2017,,Rohman,Tantri,09/10/2018,,
post1,05/12/2019,PLPE,A,East,150m,buffer.core,A-E-150-BC,09:40,0,0,03/01/2020,,Rohman,Agung,06/03/2023,,
post2,13/01/2022,PLPE,A,East,150m,buffer.core,A-E-150-BC,,380,77,21/01/2022,,Rohman,Novya,26/04/2022,,
baseline,08/12/2017,PLPE,A,East,150m,OP.core,A-East-150m-OpCore,14:58,415,101,08/12/2017,,Rohman,Tantri,09/10/2018,,
post1,05/12/2019,PLPE,A,East,150m,OP.core,A-E-150-OPC,10:02,0,0,03/01/2020,,Rohman,Agung,06/03/2023,,
post2,13/01/2022,PLPE,A,East,150m,OP.core,A-E-150-OPC,,na,na,21/01/2022,gone,Rohman,Novya,26/04/2022,,
baseline,08/12/2017,PLPE,A,East,150m,OP.edge,A-East-150m-OpEdge,15:15,236,65,08/12/2017,,Rohman,Tantri,09/10/2018,,
post1,05/12/2019,PLPE,A,East,150m,OP.edge,A-E-150-OPE,09:43,517,119,03/01/2020,,Rohman,Agung,06/03/2023,,
post2,13/01/2022,PLPE,A,East,150m,OP.edge,A-E-150-OPE,,550,103,21/01/2022,,Rohman,Novya,26/04/2022,,
baseline,07/12/2017,PLPE,A,West,250m,buffer.core,A-west-250m-BufferCore,08:57,579,120,08/12/2017,,Rohman,Tantri,09/10/2018,,
post1,11/12/2019,PLPE,A,West,250m,buffer.core,A-W-250-BC,10:21,494,92,03/01/2020,,Rohman,Agung,06/03/2023,,
post2,06/01/2022,PLPE,A,West,250m,buffer.core,A-W-250-BC,,641,125,21/01/2022,,Rohman,Novya,26/04/2022,,
baseline,07/12/2017,PLPE,A,West,250m,OP.core,A-west-250m-OpCore,08:48,131,50,08/12/2017,,Rohman,Tantri,09/10/2018,,
post1,11/12/2019,PLPE,A,West,250m,OP.core,A-W-250-OPC,10:34,0,0,03/01/2020,,Rohman,Agung,06/03/2023,,
post2,06/01/2022,PLPE,A,West,250m,OP.core,A-W-250-OPC,,275,132,21/01/2022,,Rohman,Novya,26/04/2022,,
baseline,07/12/2017,PLPE,A,West,250m,OP.edge,A-West-250m-OpEdge,08:50,160,48,08/12/2017,,Rohman,Tantri,09/10/2018,,
post1,11/12/2019,PLPE,A,West,250m,OP.edge,A-W-250-OPE,10:30,0,0,03/01/2020,,Rohman,Agung,06/03/2023,,
post2,06/01/2022,PLPE,A,West,250m,OP.edge,A-W-250-OPE,,559,116,21/01/2022,,Rohman,Novya,26/04/2022,,
baseline,08/12/2017,PLPE,A,East,350m,buffer.core,A-East-350m-BufferCore,10:32,332,78,08/12/2017,,Rohman,Tantri,09/10/2018,,
post1,06/12/2019,PLPE,A,East,350m,buffer.core,A-E-350-BC,08:30,257,60,03/01/2020,,Rohman,Agung,06/03/2023,,
post2,05/01/2022,PLPE,A,East,350m,buffer.core,A-E-350-BC,,na,na,21/01/2022,gone,Rohman,Novya,26/04/2022,,
baseline,08/12/2017,PLPE,A,East,350m,OP.core,A-East-350m-OpCore,15:50,336,90,08/12/2017,,Rohman,Tantri,09/10/2018,,
post1,06/12/2019,PLPE,A,East,350m,OP.core,A-E-350-OPC,10:04,0,0,03/01/2020,,Rohman,Agung,06/03/2023,,
post2,05/01/2022,PLPE,A,East,350m,OP.core,A-E-350-OPC,,600,133,21/01/2022,,Rohman,Novya,26/04/2022,,
baseline,08/12/2017,PLPE,A,East,350m,OP.edge,A-East-350m-OpEdge,10:38,323,71,08/12/2017,,Rohman,Tantri,09/10/2018,,
post1,06/12/2019,PLPE,A,East,350m,OP.edge,A-E-350-OPE,08:36,0,0,03/01/2020,,Rohman,Agung,06/03/2023,,
post2,05/01/2022,PLPE,A,East,350m,OP.edge,A-E-350-OPE,,na,na,21/01/2022,gone,Rohman,Novya,26/04/2022,,
baseline,08/12/2017,PLPE,A,West,400m,buffer.core,A-West-400m-BufferCore,15:23,621,135,08/12/2017,Evaporation control,Rohman,Tantri,09/10/2018,,
post1,12/12/2019,PLPE,A,West,400m,buffer.core,A-W-400-BC,09:57,659,135,03/01/2020,,Rohman,Agung,06/03/2023,,
post2,10/01/2022,PLPE,A,East,400m,buffer.core,A-E-400-BC,,666,120,21/01/2022,Evaporation control,Rohman,Novya,26/04/2022,,
baseline,08/12/2017,PLPE,A,West,400m,OP.core,A-West-400m-OpCore,15:32,664,132,08/12/2017,Evaporation control,Rohman,Tantri,09/10/2018,,
post1,12/12/2019,PLPE,A,West,400m,OP.core,A-W-400-OPC,09:42,621,171,03/01/2020,,Rohman,Agung,06/03/2023,,
post2,10/01/2022,PLPE,A,East,400m,OP.core,A-E-400-OPC,,618,120,21/01/2022,Evaporation control,Rohman,Novya,26/04/2022,,
baseline,08/12/2017,PLPE,A,West,400m,OP.edge,A-West-400m-OpEdge,15:27,649,122,08/12/2017,Evaporation control,Rohman,Tantri,09/10/2018,,
post1,12/12/2019,PLPE,A,West,400m,OP.edge,A-W-400-OPE,10:03,660,200,03/01/2020,,Rohman,Agung,06/03/2023,,
post2,10/01/2022,PLPE,A,East,400m,OP.edge,A-E-400-OPE,,630,95,21/01/2022,Evaporation control,Rohman,Novya,26/04/2022,,
baseline,07/12/2017,PLPE,A,West,50m,buffer.core,A-West-50m-BufferCore,08:24,547,119,08/12/2017,Date Wet weight = 09/12/2018,Rohman,Tantri,09/10/2018,,
post1,12/12/2019,PLPE,A,West,50m,buffer.core,A-W-50-BC,08:40,555,117,03/01/2020,,Rohman,Agung,06/03/2023,,
post2,10/01/2022,PLPE,A,West,50m,buffer.core,A-W-50-BC,,na,na,21/01/2022,gone,Rohman,Novya,26/04/2022,,
baseline,07/12/2017,PLPE,A,West,50m,OP.core,A-West-50m-OpCore,08:39,26,11,08/12/2017,,Rohman,Tantri,09/10/2018,,
post1,12/12/2019,PLPE,A,West,50m,OP.core,A-W-50-OPC,08:59,0,0,03/01/2020,,Rohman,Agung,06/03/2023,,
post2,10/01/2022,PLPE,A,West,50m,OP.core,A-W-50-OPC,,na,na,21/01/2022,gone,Rohman,Novya,26/04/2022,,
baseline,07/12/2017,PLPE,A,West,50m,OP.edge,A-West-50m-OpEdge,08:30,211,51,08/12/2017,,Rohman,Tantri,09/10/2018,,
post1,12/12/2019,PLPE,A,West,50m,OP.edge,A-W-50-OPE,08:45,481,89,03/01/2020,,Rohman,Agung,06/03/2023,,
post2,10/01/2022,PLPE,A,West,50m,OP.edge,A-W-50-OPE,,na,na,21/01/2022,gone,Rohman,Novya,26/04/2022,,
baseline,07/12/2017,PLPE,B,West,150m,buffer.core,B-west-150m-BufferCore,16:45,253,61,08/12/2017,,Rohman,Tantri,09/10/2018,,
post1,11/12/2019,PLPE,B,East,150m,buffer.core,B-E-150-BC,11:05,490,95,03/01/2020,,Rohman,Agung,06/03/2023,,
post2,10/01/2022,PLPE,B,East,150m,buffer.core,B-E-150-BC,,297,55,21/01/2022,,Rohman,Novya,26/04/2022,,
baseline,07/12/2017,PLPE,B,East,150m,OP.core,B-East-150m-OpCore,17:05,498,168,08/12/2017,,Rohman,Tantri,09/10/2018,,
post1,11/12/2019,PLPE,B,East,150m,OP.core,B-E-150-OPC,11:35,0,0,03/01/2020,,Rohman,Agung,06/03/2023,,
post2,10/01/2022,PLPE,B,East,150m,OP.core,B-E-150-OPC,,na,na,21/01/2022,gone,Rohman,Novya,26/04/2022,,
baseline,07/12/2017,PLPE,B,East,150m,OP.edge,B-East-150m-OpEdge,16:58,242,58,08/12/2017,,Rohman,Tantri,09/10/2018,,
post1,11/12/2019,PLPE,B,East,150m,OP.edge,B-E-150-OPE,11:09,0,0,03/01/2020,,Rohman,Agung,06/03/2023,,
post2,10/01/2022,PLPE,B,East,150m,OP.edge,B-E-150-OPE,,na,na,21/01/2022,gone,Rohman,Novya,26/04/2022,,
baseline,08/12/2017,PLPE,B,West,250m,buffer.core,B-West-250m-BufferCore,10:19,127,35,08/12/2017,,Rohman,Tantri,09/10/2018,,
post1,05/12/2019,PLPE,B,West,250m,buffer.core,B-W-250-BC,10:12,231,55,03/01/2020,,Rohman,Agung,06/03/2023,,
post2,05/01/2022,PLPE,B,West,250m,buffer.core,B-W-250-BC,,212,49,21/01/2022,,Rohman,Novya,26/04/2022,,
baseline,08/12/2017,PLPE,B,West,250m,OP.core,B-West-250m-OpCore,10:27,123,42,08/12/2017,,Rohman,Tantri,09/10/2018,,
post1,05/12/2019,PLPE,B,West,250m,OP.core,B-W-250-OPC,10:30,614,168,03/01/2020,,Rohman,Agung,06/03/2023,,
post2,05/01/2022,PLPE,B,West,250m,OP.core,B-W-250-OPC,,650,124,21/01/2022,,Rohman,Novya,26/04/2022,,
baseline,08/12/2017,PLPE,B,West,250m,OP.edge,B-West-250m-OpEdge,10:23,431,115,08/12/2017,,Rohman,Tantri,09/10/2018,,
post1,05/12/2019,PLPE,B,West,250m,OP.edge,B-W-250-OPE,10:16,0,0,03/01/2020,,Rohman,Agung,06/03/2023,,
post2,05/01/2022,PLPE,B,West,250m,OP.edge,B-W-250-OPE,,na,na,21/01/2022,gone,Rohman,Novya,26/04/2022,,
baseline,08/12/2017,PLPE,B,East,350m,buffer.core,B-East-350m-BufferCore,16:25,308,67,08/12/2017,,Rohman,Tantri,09/10/2018,,
post1,06/12/2019,PLPE,B,East,350m,buffer.core,B-E-350-BC,08:48,0,0,03/01/2020,,Rohman,Agung,06/03/2023,,
post2,06/01/2022,PLPE,B,East,350m,buffer.core,B-E-350-BC,,596,120,21/01/2022,,Rohman,Novya,26/04/2022,,
baseline,08/12/2017,PLPE,B,East,350m,OP.core,B-East-350m-OpCore,16:14,410,123,08/12/2017,,Rohman,Tantri,09/10/2018,,
post1,06/12/2019,PLPE,B,East,350m,OP.core,B-E-350-OPC,10:18,0,0,03/01/2020,,Rohman,Agung,06/03/2023,,
post2,06/01/2022,PLPE,B,East,350m,OP.core,B-E-350-OPC,,na,na,21/01/2022,gone,Rohman,Novya,26/04/2022,,
baseline,08/12/2017,PLPE,B,East,350m,OP.edge,B-East-350m-OpEdge,16:20,248,63,08/12/2017,,Rohman,Tantri,09/10/2018,,
post1,06/12/2019,PLPE,B,East,350m,OP.edge,B-E-350-OPE,08:55,512,125,03/01/2020,,Rohman,Agung,06/03/2023,,
post2,06/01/2022,PLPE,B,East,350m,OP.edge,B-E-350-OPE,,258,97,21/01/2022,,Rohman,Novya,26/04/2022,,
baseline,07/12/2017,PLPE,B,West,400m,buffer.core,B-West-400m-BufferCore,17:20,648,109,08/12/2017,Evaporation control,Rohman,Tantri,09/10/2018,,
post1,06/12/2019,PLPE,B,West,400m,buffer.core,B-W-400-BC,10:27,637,144,03/01/2020,,Rohman,Agung,06/03/2023,,
post2,06/01/2022,PLPE,B,West,400m,buffer.core,B-W-400-BC,,654,121,21/01/2022,Evaporation control,Rohman,Novya,26/04/2022,,
baseline,07/12/2017,PLPE,B,East,400m,OP.core,B-East-400m-OpCore,17:46,610,106,08/12/2017,Evaporation control,Rohman,Tantri,09/10/2018,,
post1,06/12/2019,PLPE,B,West,400m,OP.core,B-W-400-OPC,10:37,598,148,03/01/2020,,Rohman,Agung,06/03/2023,,
post2,06/01/2022,PLPE,B,West,400m,OP.core,B-W-400-OPC,,663,120,21/01/2022,Evaporation control,Rohman,Novya,26/04/2022,,
baseline,07/12/2017,PLPE,B,East,400m,OP.edge,B-East-400m-OpEdge,17:32,639,106,08/12/2017,Evaporation control,Rohman,Tantri,09/10/2018,,
post1,06/12/2019,PLPE,B,West,400m,OP.edge,B-W-400-OPE,10:32,605,104,03/01/2020,,Rohman,Agung,06/03/2023,,
post2,06/01/2022,PLPE,B,West,400m,OP.edge,B-W-400-OPE,,605,105,21/01/2022,Evaporation control,Rohman,Novya,26/04/2022,,
baseline,07/12/2017,PLPE,B,West,50m,buffer.core,B-West-50m-BufferCore,16:29,47,17,08/12/2017,,Rohman,Tantri,09/10/2018,,
post1,12/12/2019,PLPE,B,West,50m,buffer.core,B-W-50-BC,10:12,351,88,03/01/2020,,Rohman,Agung,06/03/2023,,
post2,13/01/2022,PLPE,B,West,50m,buffer.core,B-W-50-BC,,600,113,21/01/2022,,Rohman,Novya,26/04/2022,,
baseline,07/12/2017,PLPE,B,West,50m,OP.core,B-West-50m-OpCore,09:22,162,43,08/12/2017,,Rohman,Tantri,09/10/2018,,
post1,12/12/2019,PLPE,B,West,50m,OP.core,B-W-50-OPC,09:35,0,0,03/01/2020,,Rohman,Agung,06/03/2023,,
post2,13/01/2022,PLPE,B,West,50m,OP.core,B-W-50-OPC,,na,na,21/01/2022,gone,Rohman,Novya,26/04/2022,,
baseline,07/12/2017,PLPE,B,West,50m,OP.edge,B-West-50m-OpEdge,16:35,555,103,08/12/2017,,Rohman,Tantri,09/10/2018,,
post1,12/12/2019,PLPE,B,West,50m,OP.edge,B-W-50-OPE,10:21,465,129,03/01/2020,,Rohman,Agung,06/03/2023,,
post2,13/01/2022,PLPE,B,West,50m,OP.edge,B-W-50-OPE,,558,103,21/01/2022,,Rohman,Novya,26/04/2022,,
baseline,08/12/2017,PLPE,C,East,150m,buffer.core,C-East-150m-BufferCore,16:32,293,90,08/12/2017,,Rohman,Tantri,09/10/2018,,
post1,12/12/2019,PLPE,C,East,150m,buffer.core,C-E-150-BC,11:31,0,0,03/01/2020,,Rohman,Agung,06/03/2023,,
post2,05/01/2022,PLPE,C,East,150m,buffer.core,C-E-150-BC,,na,na,21/01/2022,gone,Rohman,Novya,26/04/2022,,
baseline,08/12/2017,PLPE,C,East,150m,OP.core,C-East-150m-OpCore,16:42,45,17,08/12/2017,,Rohman,Tantri,09/10/2018,,
post1,12/12/2019,PLPE,C,East,150m,OP.core,C-E-150-OPC,11:47,0,0,03/01/2020,,Rohman,Agung,06/03/2023,,
post2,05/01/2022,PLPE,C,East,150m,OP.core,C-E-150-OPC,,na,na,21/01/2022,gone,Rohman,Novya,26/04/2022,,
baseline,08/12/2017,PLPE,C,East,150m,OP.edge,C-East-150m-OpEdge,16:36,78,32,08/12/2017,,Rohman,Tantri,09/10/2018,,
post1,12/12/2019,PLPE,C,East,150m,OP.edge,C-E-150-OPE,11:38,0,0,03/01/2020,,Rohman,Agung,06/03/2023,,
post2,05/01/2022,PLPE,C,East,150m,OP.edge,C-E-150-OPE,,na,na,21/01/2022,gone,Rohman,Novya,26/04/2022,,
baseline,07/12/2017,PLPE,C,West,250m,buffer.core,C-West-250m-BufferCore,12:30,104,32,08/12/2017,,Rohman,Tantri,09/10/2018,,
post1,06/12/2019,PLPE,C,West,250m,buffer.core,C-W-250-BC,09:16,390,81,03/01/2020,,Rohman,Agung,06/03/2023,,
post2,13/01/2022,PLPE,C,West,250m,buffer.core,C-W-250-BC,,222,43,21/01/2022,,Rohman,Novya,26/04/2022,,
baseline,07/12/2017,PLPE,C,West,250m,OP.core,C-West-250m-OpCore,09:45,na,na,08/12/2017,gone,Rohman,Tantri,09/10/2018,,
post1,06/12/2019,PLPE,C,West,250m,OP.core,C-W-250-OPC,09:25,0,0,03/01/2020,,Rohman,Agung,06/03/2023,,
baseline,07/12/2017,PLPE,C,West,250m,OP.edge,C-West-250m-OpEdge,12:42,321,94,08/12/2017,,Rohman,Tantri,09/10/2018,,
post1,06/12/2019,PLPE,C,West,250m,OP.edge,C-W-250-OPE,09:20,359,72,03/01/2020,,Rohman,Agung,06/03/2023,,
post2,13/01/2022,PLPE,C,West,250m,OP.edge,C-W-250-OPE,,na,na,21/01/2022,gone,Rohman,Novya,26/04/2022,,
baseline,07/12/2017,PLPE,C,East,350m,buffer.core,C-East-350m-BufferCore,16:05,291,83,08/12/2017,,Rohman,Tantri,09/10/2018,,
post1,05/12/2019,PLPE,C,East,350m,buffer.core,C-E-350-BC,10:43,0,0,03/01/2020,,Rohman,Agung,06/03/2023,,
post2,06/01/2022,PLPE,C,East,350m,buffer.core,C-E-350-BC,,486,140,21/01/2022,,Rohman,Novya,26/04/2022,,
baseline,07/12/2017,PLPE,C,East,350m,OP.core,C-East-350m-OpCore,16:21,na,na,08/12/2017,gone,Rohman,Tantri,09/10/2018,,
post1,05/12/2019,PLPE,C,East,350m,OP.core,C-E-350-OPC,11:15,658,222,03/01/2020,,Rohman,Agung,06/03/2023,,
post2,06/01/2022,PLPE,C,East,350m,OP.core,C-E-350-OPC,,na,na,21/01/2022,gone,Rohman,Novya,26/04/2022,,
baseline,07/12/2017,PLPE,C,East,350m,OP.edge,C-East-350m-OpEdge,16:16,476,130,08/12/2017,,Rohman,Tantri,09/10/2018,,
post1,05/12/2019,PLPE,C,East,350m,OP.edge,C-E-350-OPE,10:48,498,124,03/01/2020,,Rohman,Agung,06/03/2023,,
post2,06/01/2022,PLPE,C,East,350m,OP.edge,C-E-350-OPE,,na,na,21/01/2022,gone,Rohman,Novya,26/04/2022,,
baseline,07/12/2017,PLPE,C,West,400m,buffer.core,C-West-400m-BufferCore,11:15,651,127,08/12/2017,Evaporation control,Rohman,Tantri,09/10/2018,,
post1,11/12/2019,PLPE,C,East,400m,buffer.core,C-E-400-BC,11:40,567,122,03/01/2020,,Rohman,Agung,06/03/2023,,
post2,05/01/2022,PLPE,C,East,400m,buffer.core,C-E-400-BC,,644,118,21/01/2022,Evaporation control,Rohman,Novya,26/04/2022,,
baseline,07/12/2017,PLPE,C,West,400m,OP.core,C-West-400-OpCore,11:40,621,155,08/12/2017,Evaporation control,Rohman,Tantri,09/10/2018,,
post1,11/12/2019,PLPE,C,East,400m,OP.core,C-E-400-OPC,11:58,623,129,03/01/2020,,Rohman,Agung,06/03/2023,,
post2,05/01/2022,PLPE,C,East,400m,OP.core,C-E-400-OPC,,660,124,21/01/2022,Evaporation control,Rohman,Novya,26/04/2022,,
baseline,07/12/2017,PLPE,C,West,400m,OP.edge,C-West-400m-OpEdge,11:20,650,115,08/12/2017,Evaporation control,Rohman,Tantri,09/10/2018,,
post1,11/12/2019,PLPE,C,East,400m,OP.edge,C-E-400-OPE,11:46,566,129,03/01/2020,,Rohman,Agung,06/03/2023,,
post2,05/01/2022,PLPE,C,East,400m,OP.edge,C-E-400-OPE,,620,119,21/01/2022,Evaporation control,Rohman,Novya,26/04/2022,,
baseline,08/12/2017,PLPE,C,West,50m,buffer.core,C-West-50m-BufferCore,09:58,282,62,08/12/2017,,Rohman,Tantri,09/10/2018,,
post1,11/12/2019,PLPE,C,West,50m,buffer.core,C-W-50-BC,11:15,388,159,03/01/2020,,Rohman,Agung,06/03/2023,,
post2,10/01/2022,PLPE,C,West,50m,buffer.core,C-W-50-BC,,na,na,21/01/2022,gone,Rohman,Novya,26/04/2022,,
baseline,08/12/2017,PLPE,C,West,50m,OP.core,C-West-50m-OpCore,10:11,479,123,08/12/2017,,Rohman,Tantri,09/10/2018,,
post1,11/12/2019,PLPE,C,West,50m,OP.core,C-W-50-OPC,11:27,0,0,03/01/2020,,Rohman,Agung,06/03/2023,,
post2,10/01/2022,PLPE,C,West,50m,OP.core,C-W-50-OPC,,na,na,21/01/2022,gone,Rohman,Novya,26/04/2022,,
post2,13/01/2022,PLPE,C,West,50m,OP.core,C-W-50-OPC,,na,na,21/01/2022,gone,Rohman,Novya,26/04/2022,,
baseline,08/12/2017,PLPE,C,West,50m,OP.edge,C-West-50m-OpEdge,10:03,128,40,08/12/2017,,Rohman,Tantri,09/10/2018,,
post1,11/12/2019,PLPE,C,West,50m,OP.edge,C-W-50-OPE,11:19,0,0,03/01/2020,,Rohman,Agung,06/03/2023,,
post2,10/01/2022,PLPE,C,West,50m,OP.edge,C-W-50-OPE,,353,81,21/01/2022,,Rohman,Novya,26/04/2022,,
baseline,08/12/2017,PLPE,D,East,150m,buffer.core,D-East-150m-BufferCore,09:10,121,35,08/12/2017,,Rohman,Tantri,09/10/2018,,
post1,05/12/2019,PLPE,D,East,150m,buffer.core,D-E-150-BC,11:23,474,122,03/01/2020,,Rohman,Agung,06/03/2023,,
post2,05/01/2022,PLPE,D,East,150m,buffer.core,D-E-150-BC,,na,na,21/01/2022,gone,Rohman,Novya,26/04/2022,,
baseline,08/12/2017,PLPE,D,East,150m,OP.core,D-East-150m-OpCore,09:01,64,18,08/12/2017,,Rohman,Tantri,09/10/2018,,
post1,05/12/2019,PLPE,D,East,150m,OP.core,D-E-150-OPC,11:39,496,171,03/01/2020,,Rohman,Agung,06/03/2023,,
post2,05/01/2022,PLPE,D,East,150m,OP.core,D-E-150-OPC,,na,na,21/01/2022,gone,Rohman,Novya,26/04/2022,,
baseline,08/12/2017,PLPE,D,East,150m,OP.edge,D-East-150m-OpEdge,09:04,525,135,08/12/2017,,Rohman,Tantri,09/10/2018,,
post1,05/12/2019,PLPE,D,East,150m,OP.edge,D-E-150-OPE,11:27,596,144,03/01/2020,,Rohman,Agung,06/03/2023,,
post2,05/01/2022,PLPE,D,East,150m,OP.edge,D-E-150-OPE,,600,131,21/01/2022,,Rohman,Novya,26/04/2022,,
baseline,07/12/2017,PLPE,D,West,250m,buffer.core,D-West-250m-BufferCore,10:36,197,93,08/12/2017,,Rohman,Tantri,09/10/2018,,
post1,12/12/2019,PLPE,D,West,250m,buffer.core,D-W-250-BC,10:45,607,172,03/01/2020,,Rohman,Agung,06/03/2023,,
post2,10/01/2022,PLPE,D,West,250m,buffer.core,D-W-250-BC,,na,na,21/01/2022,gone,Rohman,Novya,26/04/2022,,
baseline,07/12/2017,PLPE,D,West,250m,OP.core,D-West-250m-OpCore,10:52,na,na,08/12/2017,gone,Rohman,Tantri,09/10/2018,,
post1,12/12/2019,PLPE,D,West,250m,OP.core,D-W-250-OPC,10:58,0,0,03/01/2020,,Rohman,Agung,06/03/2023,,
post2,10/01/2022,PLPE,D,West,250m,OP.core,D-W-250-OPC,,434,115,21/01/2022,,Rohman,Novya,26/04/2022,,
baseline,07/12/2017,PLPE,D,West,250m,OP.edge,D-West-250m-OpEdge,10:39,506,123,08/12/2017,,Rohman,Tantri,09/10/2018,,
post1,12/12/2019,PLPE,D,West,250m,OP.edge,D-W-250-OPE,10:49,652,112,03/01/2020,,Rohman,Agung,06/03/2023,,
post2,10/01/2022,PLPE,D,West,250m,OP.edge,D-W-250-OPE,,434,114,21/01/2022,,Rohman,Novya,26/04/2022,,
baseline,07/12/2017,PLPE,D,East,350m,buffer.core,D-East-350m-BufferCore,15:25,63,19,08/12/2017,,Rohman,Tantri,09/10/2018,,
post1,06/12/2019,PLPE,D,East,350m,buffer.core,D-E-350-BC,10:03,486,153,03/01/2020,,Rohman,Agung,06/03/2023,,
post2,06/01/2022,PLPE,D,East,350m,buffer.core,D-E-350-BC,,386,90,21/01/2022,,Rohman,Novya,26/04/2022,,
baseline,07/12/2017,PLPE,D,East,350m,OP.core,D-East-350m-OpCore,15:55,na,na,08/12/2017,gone,Rohman,Tantri,09/10/2018,,
post1,06/12/2019,PLPE,D,East,350m,OP.core,D-E-350-OPC,10:12,227,65,03/01/2020,,Rohman,Agung,06/03/2023,,
post2,06/01/2022,PLPE,D,East,350m,OP.core,D-E-350-OPC,,na,na,21/01/2022,gone,Rohman,Novya,26/04/2022,,
baseline,07/12/2017,PLPE,D,East,350m,OP.edge,D-East-350m-OpEdge,15:40,174,58,08/12/2017,,Rohman,Tantri,09/10/2018,,
post1,06/12/2019,PLPE,D,East,350m,OP.edge,D-E-350-OPE,10:08,0,0,03/01/2020,,Rohman,Agung,06/03/2023,,
post2,06/01/2022,PLPE,D,East,350m,OP.edge,D-E-350-OPE,,na,na,21/01/2022,gone,Rohman,Novya,26/04/2022,,
baseline,08/12/2017,PLPE,D,East,400m,buffer.core,D-East-400m-BufferCore,17:19,659,142,08/12/2017,Evaporation control,Rohman,Tantri,09/10/2018,,
post1,05/12/2019,PLPE,D,East,400m,buffer.core,D-E-400-BC,11:47,595,181,03/01/2020,,Rohman,Agung,06/03/2023,,
post2,13/01/2022,PLPE,D,West,400m,buffer.core,D-W-400-BC,,581,114,21/01/2022,Evaporation control,Rohman,Novya,26/04/2022,,
baseline,08/12/2017,PLPE,D,East,400m,OP.core,D-East-400m-OpCore,16:58,643,132,08/12/2017,Evaporation control,Rohman,Tantri,09/10/2018,,
post1,05/12/2019,PLPE,D,East,400m,OP.core,D-E-400-OPC,11:59,587,160,03/01/2020,,Rohman,Agung,06/03/2023,,
post2,13/01/2022,PLPE,D,West,400m,OP.core,D-W-400-OPC,,644,107,21/01/2022,Evaporation control,Rohman,Novya,26/04/2022,,
baseline,08/12/2017,PLPE,D,East,400m,OP.edge,D-East-400m-OpEdge,16:10,618,125,08/12/2017,Evaporation control,Rohman,Tantri,09/10/2018,,
post1,05/12/2019,PLPE,D,East,400m,OP.edge,D-E-400-0PE,11:52,680,258,03/01/2020,,Rohman,Agung,06/03/2023,,
post2,13/01/2022,PLPE,D,West,400m,OP.edge,D-W-400-OPE,,632,105,21/01/2022,Evaporation control,Rohman,Novya,26/04/2022,,
baseline,08/12/2017,PLPE,D,West,50m,buffer.core,D-West-50m-BufferCore,09:25,247,87,08/12/2017,,Rohman,Tantri,09/10/2018,,
post1,11/12/2019,PLPE,D,West,50m,buffer.core,D-W-50-BC,09:32,306,75,03/01/2020,,Rohman,Agung,06/03/2023,,
post2,13/01/2022,PLPE,D,West,50m,buffer.core,D-W-50-BC,,298,87,21/01/2022,,Rohman,Novya,26/04/2022,,
baseline,08/12/2017,PLPE,D,West,50m,OP.core,D-West-50m-OpCore,09:42,525,106,08/12/2017,,Rohman,Tantri,09/10/2018,,
post1,11/12/2019,PLPE,D,West,50m,OP.core,D-W-50-OPC,09:55,541,182,03/01/2020,,Rohman,Agung,06/03/2023,,
post2,13/01/2022,PLPE,D,West,50m,OP.core,D-W-50-OPC,,488,118,21/01/2022,,Rohman,Novya,26/04/2022,,
baseline,08/12/2017,PLPE,D,West,50m,OP.edge,D-West-50m-OpEdge,09:32,614,113,08/12/2017,,Rohman,Tantri,09/10/2018,,
post1,11/12/2019,PLPE,D,West,50m,OP.edge,D-W-50-OPE,09:40,608,200,03/01/2020,,Rohman,Agung,06/03/2023,,
post2,13/01/2022,PLPE,D,West,50m,OP.edge,D-W-50-OPE,,na,na,21/01/2022,gone,Rohman,Novya,26/04/2022,,
baseline,14/12/2018,KNDE,F,East,150m,buffer.core,F-East-150m-BufferCore,9.25,524,116,28/12/2018,,Roman,Maghdalen alviona,15/02/2019,,
post1,01/04/2021,KNDE,F,East,150m,buffer.core,F-E-150-BC,,na,na,07/04/2021,gone,Rohman,Novya,26/04/2022,,
post2,22/05/2023,KNDE,F,East,150m,buffer.core,FE 150 BC,09:48,na,na,30/05/2023,gone,roman,,,,
baseline,14/12/2018,KNDE,F,East,150m,OP.core,F-East-150m-OpCore,9.35,na,na,28/12/2018,gone,Roman,Maghdalen alviona,15/02/2019,,
post1,01/04/2021,KNDE,F,East,150m,OP.core,F-E-150-OPC,,385,94,07/04/2021,,Rohman,Novya,26/04/2022,,
post2,22/05/2023,KNDE,F,East,150m,OP.core,FE 150 OPC,10:08,250,95,30/05/2023,,roman,,,,
baseline,14/12/2018,KNDE,F,East,150m,OP.edge,F-East-150m-OpEdge,9.3,377,78,28/12/2018,,Roman,Maghdalen alviona,15/02/2019,,
post1,01/04/2021,KNDE,F,East,150m,OP.edge,F-E-150-OPE,,348,112,07/04/2021,,Rohman,Novya,26/04/2022,,
post2,22/05/2023,KNDE,F,East,150m,OP.edge,FE 150 OPE,09:54,602,180,30/05/2023,,roman,,,,
baseline,13/12/2018,KNDE,F,West,250m,buffer.core,F-West-250m-BufferCore,9.2,211,64,28/12/2018,,Roman,Maghdalen alviona,15/02/2019,,
post1,20/03/2021,KNDE,F,West,250m,buffer.core,F-W-250-BC,,595,116,29/03/2021,,Rohman,Novya,26/04/2022,,
post2,17/05/2023,KNDE,F,West,250m,buffer.core,FW 250 BC,08:47,547,148,27/05/2023,,roman,,,,
baseline,13/12/2018,KNDE,F,West,250m,OP.core,F-West-250m-OpCore,9.4,614,154,28/12/2018,,Roman,Maghdalen alviona,15/02/2019,,
post1,20/03/2021,KNDE,F,West,250m,OP.core,F-W-250-OPC,,594,126,29/03/2021,,Rohman,Novya,26/04/2022,,
post2,17/05/2023,KNDE,F,West,250m,OP.core,FW 250 OPC,09:01,na,na,27/05/2023,gone,roman,,,,
baseline,13/12/2018,KNDE,F,West,250m,OP.edge,F-West-250m-OpEdge,9.3,603,134,28/12/2018,,Roman,Maghdalen alviona,15/02/2019,,
post1,20/03/2021,KNDE,F,West,250m,OP.edge,F-W-250-OPE,,616,130,29/03/2021,,Rohman,Novya,26/04/2022,,
post2,17/05/2023,KNDE,F,West,250m,OP.edge,FW 250 OPE,08:54,na,na,27/05/2023,gone,roman,,,,
baseline,10/12/2018,KNDE,F,East,350m,buffer.core,F-East-350m-BufferCore,11.04,638,151,21/12/2018,,Roman,Maghdalen alviona,15/02/2019,,
post1,10/03/2021,KNDE,F,East,350m,buffer.core,F-E-350-BC,,579,147,19/03/2021,,Rohman,Novya,26/04/2022,,
post2,10/04/2023,KNDE,F,East,350m,buffer.core,FE 350 BC,10:29,na,na,20/04/2023,gone,roman,,,,
baseline,10/12/2018,KNDE,F,East,350m,OP.core,F-East-350m-OpCore,11.2,207,71,21/12/2018,,Roman,Maghdalen alviona,15/02/2019,,
post1,10/03/2021,KNDE,F,East,350m,OP.core,F-E-350-OPC,,570,126,19/03/2021,,Rohman,Novya,26/04/2022,,
post2,10/04/2023,KNDE,F,East,350m,OP.core,FE 350 OPC,10:43,na,na,20/04/2023,gone,roman,,,,
baseline,10/12/2018,KNDE,F,East,350m,OP.edge,F-East-350m-OpEdge,11.1,678,141,21/12/2018,,Roman,Maghdalen alviona,15/02/2019,,
post1,10/03/2021,KNDE,F,East,350m,OP.edge,F-E-350-OPE,,545,117,19/03/2021,,Rohman,Novya,26/04/2022,,
post2,10/04/2023,KNDE,F,East,350m,OP.edge,FE 350 OPE,10:35,na,na,20/04/2023,gone,roman,,,,
baseline,08/12/2018,KNDE,f,West,400m,buffer.core,f-West-400m-BufferCore,10.14,675,115,21/12/2018,,Roman,Maghdalen alviona,15/02/2019,,
post1,25/03/2021,KNDE,F,West,400m,buffer.core,F-W-400-BC,,657,120,01/04/2021,Evaporation control,Rohman,Novya,26/04/2022,,
baseline,08/12/2018,KNDE,f,West,400m,OP.core,f-West-400m-OpCore,10.24,660,105,21/12/2018,,Roman,Maghdalen alviona,15/02/2019,,
post1,25/03/2021,KNDE,F,West,400m,OP.core,F-W-400-OPC,,669,132,01/04/2021,Evaporation control,Rohman,Novya,26/04/2022,,
baseline,08/12/2018,KNDE,f,West,400m,OP.edge,f-West-400m-OpEdge,10.17,671,109,21/12/2018,,Roman,Maghdalen alviona,15/02/2019,,
post1,25/03/2021,KNDE,F,West,400m,OP.edge,F-W-400-OPE,,635,130,01/04/2021,Evaporation control,Rohman,Novya,26/04/2022,,
post2,22/05/2023,KNDE,F,West,40m,buffer.core,FW 400 BC,10:25,618,110,30/05/2023,,roman,,,,
post2,22/05/2023,KNDE,F,West,40m,OP.core,FW 400 OPC,10:40,659,111,30/05/2023,,roman,,,,
post2,22/05/2023,KNDE,F,West,40m,OP.edge,FW 400 OPE,10:31,627,101,30/05/2023,,roman,,,,
baseline,08/12/2018,KNDE,f,West,50m,buffer.core,f-West-50m-BufferCore,10.07,260,75,21/12/2018,,Roman,Maghdalen alviona,15/02/2019,,
post1,25/03/2021,KNDE,F,West,50m,buffer.core,F-W-50-BC,,na,na,01/04/2021,,Rohman,Novya,26/04/2022,,
post2,06/04/2023,KNDE,F,West,50m,buffer.core,FW 50 BC,09:10,402,124,14/04/2023,,roman,,,,
baseline,08/12/2018,KNDE,f,West,50m,OP.core,f-West-50m-OpCore,9.54,641,107,21/12/2018,,Roman,Maghdalen alviona,15/02/2019,,
post1,25/03/2021,KNDE,F,West,50m,OP.core,F-W-50-OPC,,na,na,01/04/2021,,Rohman,Novya,26/04/2022,,
post2,06/04/2023,KNDE,F,West,50m,OP.core,FW 50 OPC,09:22,344,109,14/04/2023,,roman,,,,
baseline,08/12/2018,KNDE,f,West,50m,OP.edge,f-West-50m-OpEdge,10.01,203,47,21/12/2018,,Roman,Maghdalen alviona,15/02/2019,,
post1,25/03/2021,KNDE,F,West,50m,OP.edge,F-W-50-OPE,,479,104,01/04/2021,,Rohman,Novya,26/04/2022,,
post2,06/04/2023,KNDE,F,West,50m,OP.edge,FW 50 OPE,09:15,na,na,14/04/2023,gone,roman,,,,
baseline,13/12/2018,KNDE,G,East,150m,buffer.core,G-East-150m-BufferCore,9.51,642,128,28/12/2018,,Roman,Maghdalen alviona,15/02/2019,,
post1,10/03/2021,KNDE,G,East,150m,buffer.core,G-E-150-BC,,323,98,19/03/2021,,Rohman,Novya,26/04/2022,,
post2,06/04/2023,KNDE,G,East,150m,buffer.core,GE 150 BC,09:35,na,na,14/04/2023,gone,roman,,,,
baseline,13/12/2018,KNDE,G,East,150m,OP.core,G-East-150m-OpCore,9.09,174,52,28/12/2018,,Roman,Maghdalen alviona,15/02/2019,,
post1,10/03/2021,KNDE,G,East,150m,OP.core,G-E-150-OPC,,135,45,19/03/2021,,Rohman,Novya,26/04/2022,,
post2,06/04/2023,KNDE,G,East,150m,OP.core,GE 150 OPC,09:47,na,na,14/04/2023,gone,roman,,,,
baseline,13/12/2018,KNDE,G,East,150m,OP.edge,G-East-150m-OpEdge,9.59,434,115,28/12/2018,,Roman,Maghdalen alviona,15/02/2019,,
post1,10/03/2021,KNDE,G,East,150m,OP.edge,G-E-150-OPE,,621,140,19/03/2021,,Rohman,Novya,26/04/2022,,
post2,06/04/2023,KNDE,G,East,150m,OP.edge,GE 150 OPE,09:39,414,109,14/04/2023,,roman,,,,
baseline,08/12/2018,KNDE,G,West,250m,buffer.core,G-West-250m-BufferCore,9.4,81,26,21/12/2018,,Roman,Maghdalen alviona,15/02/2019,,
post1,01/04/2021,KNDE,G,West,250m,buffer.core,G-W-250-BC,,210,67,07/04/2021,,Rohman,Novya,26/04/2022,,
post2,10/04/2023,KNDE,G,West,250m,buffer.core,GW 250 BC,09:52,na,na,20/04/2023,gone,roman,,,,
baseline,08/12/2018,KNDE,G,West,250m,OP.core,G-West-250m-OpCore,9.3,367,76,21/12/2018,,Roman,Maghdalen alviona,15/02/2019,,
post1,01/04/2021,KNDE,G,West,250m,OP.core,G-W-250-OPC,,na,na,07/04/2021,gone,Rohman,Novya,26/04/2022,,
post2,10/04/2023,KNDE,G,West,250m,OP.core,GW 250 OPC,10:08,na,na,20/04/2023,gone,roman,,,,
baseline,08/12/2018,KNDE,G,West,250m,OP.edge,G-West-250m-OpEdge,9.36,490,110,21/12/2018,,Roman,Maghdalen alviona,15/02/2019,,
post1,01/04/2021,KNDE,G,West,250m,OP.edge,G-W-250-OPE,,437,125,07/04/2021,,Rohman,Novya,26/04/2022,,
post2,10/04/2023,KNDE,G,West,250m,OP.edge,GW 250 OPE,09:57,365,109,20/04/2023,,roman,,,,
baseline,10/12/2018,KNDE,G,East,350m,buffer.core,G-East-350m-BufferCore,10.45,485,95,21/12/2018,,Roman,Maghdalen alviona,15/02/2019,,
post1,20/03/2021,KNDE,G,East,350m,buffer.core,G-E-350-BC,,518,116,29/03/2021,,Rohman,Novya,26/04/2022,,
post2,17/05/2023,KNDE,G,East,350m,buffer.core,GE 350 BC,09:20,na,na,27/05/2023,gone,roman,,,,
baseline,10/12/2018,KNDE,G,East,350m,OP.core,G-East-350m-OpCore,11,180,38,21/12/2018,,Roman,Maghdalen alviona,15/02/2019,,
post1,20/03/2021,KNDE,G,East,350m,OP.core,G-E-350-OPC,,545,130,29/03/2021,,Rohman,Novya,26/04/2022,,
post2,17/05/2023,KNDE,G,East,350m,OP.core,GE 350 OPC,09:33,na,na,27/05/2023,gone,roman,,,,
baseline,10/12/2018,KNDE,G,East,350m,OP.edge,G-East-350m-OpEdge,10.5,629,125,21/12/2018,,Roman,Maghdalen alviona,15/02/2019,,
post1,20/03/2021,KNDE,G,East,350m,OP.edge,G-E-350-OPE,,551,129,29/03/2021,,Rohman,Novya,26/04/2022,,
post2,17/05/2023,KNDE,G,East,350m,OP.edge,GE 350 OPE,09:24,na,na,27/05/2023,gone,roman,,,,
baseline,10/12/2018,KNDE,G,East,400m,buffer.core,G-East-400m-BufferCore,10.18,685,123,21/12/2018,,Roman,Maghdalen alviona,15/02/2019,,
post1,10/03/2021,KNDE,G,East,400m,buffer.core,G-E-400-BC,,548,100,19/03/2021,Evaporation control,Rohman,Novya,26/04/2022,,
baseline,10/12/2018,KNDE,G,East,400m,OP.core,G-East-400m-OpCore,10.32,664,117,21/12/2018,,Roman,Maghdalen alviona,15/02/2019,,
post1,10/03/2021,KNDE,G,East,400m,OP.core,G-E-400-OPC,,635,129,19/03/2021,Evaporation control,Rohman,Novya,26/04/2022,,
baseline,10/12/2018,KNDE,G,East,400m,OP.edge,G-East-400m-OpEdge,10.24,670,118,21/12/2018,,Roman,Maghdalen alviona,15/02/2019,,
post1,10/03/2021,KNDE,G,East,400m,OP.edge,G-E-400-OPE,,537,101,19/03/2021,Evaporation control,Rohman,Novya,26/04/2022,,
post2,06/04/2023,KNDE,G,East,40m,buffer.core,GE 400 BC,10:03,615,112,14/04/2023,,roman,,,,
post2,06/04/2023,KNDE,G,East,40m,OP.core,GE 400 OPC,10:16,634,129,14/04/2023,,roman,,,,
post2,06/04/2023,KNDE,G,East,40m,OP.edge,GE 400 OPE,10:08,644,122,14/04/2023,,roman,,,,
baseline,14/12/2018,KNDE,G,West,50m,buffer.core,G-West-50m-BufferCore,9.1,272,76,28/12/2018,,Roman,Maghdalen alviona,15/02/2019,,
post1,25/03/2021,KNDE,G,West,50m,buffer.core,G-W-50-BC,,597,122,01/04/2021,,Rohman,Novya,26/04/2022,,
post2,22/05/2023,KNDE,G,West,50m,buffer.core,GW 50 BC,10:57,na,na,30/05/2023,gone,roman,,,,
baseline,14/12/2018,KNDE,G,West,50m,OP.core,G-West-50m-OpCore,9.2,647,142,28/12/2018,,Roman,Maghdalen alviona,15/02/2019,,
post1,25/03/2021,KNDE,G,West,50m,OP.core,G-W-50-OPC,,565,130,01/04/2021,,Rohman,Novya,26/04/2022,,
post2,22/05/2023,KNDE,G,West,50m,OP.core,GW 50 OPC,11:19,805,45,30/05/2023,,roman,,,,
baseline,14/12/2018,KNDE,G,West,50m,OP.edge,G-West-50m-OpEdge,9.15,361,89,28/12/2018,,Roman,Maghdalen alviona,15/02/2019,,
post1,25/03/2021,KNDE,G,West,50m,OP.edge,G-W-50-OPE,,na,na,01/04/2021,,Rohman,Novya,26/04/2022,,
post2,22/05/2023,KNDE,G,West,50m,OP.edge,GW 50 OPE,11:05,566,120,30/05/2023,,roman,,,,
baseline,13/12/2018,KNDE,H,East,150m,buffer.core,H-East-150m-BufferCore,10.15,630,143,28/12/2018,,Roman,Maghdalen alviona,15/02/2019,,
post1,25/03/2021,KNDE,H,East,150m,buffer.core,H-E-150-BC,,315,62,01/04/2021,,Rohman,Novya,26/04/2022,,
post2,06/04/2023,KNDE,H,East,150m,buffer.core,HE 150 BC,10:30,na,na,14/04/2023,gone,roman,,,,
baseline,13/12/2018,KNDE,H,East,150m,OP.core,H-East-150m-OpCore,10.41,na,na,28/12/2018,gone,Roman,Maghdalen alviona,15/02/2019,,
post1,25/03/2021,KNDE,H,East,150m,OP.core,H-E-150-OPC,,556,114,01/04/2021,,Rohman,Novya,26/04/2022,,
post2,06/04/2023,KNDE,H,East,150m,OP.core,HE 150 OPC,10:44,na,na,14/04/2023,gone,roman,,,,
baseline,13/12/2018,KNDE,H,East,150m,OP.edge,H-East-150m-OpEdge,10.23,na,na,28/12/2018,gone,Roman,Maghdalen alviona,15/02/2019,,
post1,25/03/2021,KNDE,H,East,150m,OP.edge,H-E-150-OPE,,532,124,01/04/2021,,Rohman,Novya,26/04/2022,,
post2,06/04/2023,KNDE,H,East,150m,OP.edge,HE 150 OPE,10:35,na,na,14/04/2023,gone,roman,,,,
baseline,10/12/2018,KNDE,H,West,250m,buffer.core,H-West-250m-BufferCore,9.55,527,115,21/12/2018,,Roman,Maghdalen alviona,15/02/2019,,
post1,10/03/2021,KNDE,H,West,250m,buffer.core,H-W-250-BC,,537,137,19/03/2021,,Rohman,Novya,26/04/2022,,
post2,17/05/2023,KNDE,H,West,250m,buffer.core,HW 250 BC,09:45,377,68,27/05/2023,,roman,,,,
baseline,10/12/2018,KNDE,H,West,250m,OP.core,H-West-250m-OpCore,10.09,570,141,21/12/2018,,Roman,Maghdalen alviona,15/02/2019,,
post1,10/03/2021,KNDE,H,West,250m,OP.core,H-W-250-OPC,,495,138,19/03/2021,,Rohman,Novya,26/04/2022,,
post2,17/05/2023,KNDE,H,West,250m,OP.core,HW 250 OPC,09:58,206,60,27/05/2023,,roman,,,,
baseline,10/12/2018,KNDE,H,West,250m,OP.edge,H-West-250m-OpEdge,10.01,444,102,21/12/2018,,Roman,Maghdalen alviona,15/02/2019,,
post1,10/03/2021,KNDE,H,West,250m,OP.edge,H-W-250-OPE,,524,119,19/03/2021,,Rohman,Novya,26/04/2022,,
post2,17/05/2023,KNDE,H,West,250m,OP.edge,HW 250 OPE,09:50,na,na,27/05/2023,gone,roman,,,,
baseline,08/12/2018,KNDE,H,East,350m,buffer.core,H-East-350m-BufferCore,10.34,na,na,21/12/2018,gone,Roman,Maghdalen alviona,15/02/2019,,
post1,20/03/2021,KNDE,H,East,350m,buffer.core,H-E-350-BC,,258,67,29/03/2021,,Rohman,Novya,26/04/2022,,
post2,22/05/2023,KNDE,H,East,350m,buffer.core,HE 350 BC,08:42,na,na,30/05/2023,gone,roman,,,,
baseline,08/12/2018,KNDE,H,East,350m,OP.core,H-East-350m-OpCore,10.5,106,42,21/12/2018,,Roman,Maghdalen alviona,15/02/2019,,
post1,20/03/2021,KNDE,H,East,350m,OP.core,H-E-350-OPC,,256,92,29/03/2021,,Rohman,Novya,26/04/2022,,
post2,22/05/2023,KNDE,H,East,350m,OP.core,HE 350 OPC,08:58,na,na,30/05/2023,gone,roman,,,,
baseline,08/12/2018,KNDE,H,East,350m,OP.edge,H-East-350m-OpEdge,10.41,na,na,21/12/2018,gone ,Roman,Maghdalen alviona,15/02/2019,,
post1,20/03/2021,KNDE,H,East,350m,OP.edge,H-E-350-OPE,,401,101,29/03/2021,,Rohman,Novya,26/04/2022,,
post2,22/05/2023,KNDE,H,East,350m,OP.edge,HE 350 OPE,08:47,605,135,30/05/2023,,roman,,,,
baseline,14/12/2018,KNDE,H,East,400m,buffer.core,H-East-400m-BufferCore,10.37,668,118,28/12/2018,,Roman,Maghdalen alviona,15/02/2019,,
post1,20/03/2021,KNDE,H,West,400m,buffer.core,H-W-400-BC,,607,133,29/03/2021,Evaporation control,Rohman,Novya,26/04/2022,,
baseline,14/12/2018,KNDE,H,East,400m,OP.core,H-East-400m-OpCore,10.5,655,118,28/12/2018,,Roman,Maghdalen alviona,15/02/2019,,
post1,20/03/2021,KNDE,H,West,400m,OP.core,H-W-400-OPC,,586,118,29/03/2021,Evaporation control,Rohman,Novya,26/04/2022,,
baseline,14/12/2018,KNDE,H,East,400m,OP.edge,H-East-400m-OpEdge,10.42,665,123,28/12/2018,,Roman,Maghdalen alviona,15/02/2019,,
post1,20/03/2021,KNDE,H,West,400m,OP.edge,H-W-400-OPE,,544,118,29/03/2021,Evaporation control,Rohman,Novya,26/04/2022,,
post2,17/05/2023,KNDE,H,East,40m,buffer.core,HE 400 BC,10:55,616,111,27/05/2023,,roman,,,,
post2,17/05/2023,KNDE,H,East,40m,OP.core,HE 400 OPC,11:14,592,107,27/05/2023,,roman,,,,
post2,17/05/2023,KNDE,H,East,40m,OP.edge,HE 400 OPE,10:59,629,116,27/05/2023,,roman,,,,
baseline,14/12/2018,KNDE,H,West,50m,buffer.core,H-West-50m-BufferCore,9.54,580,130,28/12/2018,,Roman,Maghdalen alviona,15/02/2019,,
post1,01/04/2021,KNDE,H,West,50m,buffer.core,H-W-50-BC,,560,120,07/04/2021,,Rohman,Novya,26/04/2022,,
post2,10/04/2023,KNDE,H,West,50m,buffer.core,HW 50 BC,09:21,390,74,20/04/2023,,roman,,,,
baseline,14/12/2018,KNDE,H,West,50m,OP.core,H-West-50m-OpCore,10.09,602,112,28/12/2018,,Roman,Maghdalen alviona,15/02/2019,,
post1,01/04/2021,KNDE,H,East,50m,OP.core,H-E-50-OPC,,470,122,07/04/2021,,Rohman,Novya,26/04/2022,,
post2,10/04/2023,KNDE,H,West,50m,OP.core,HW 50 OPC,09:36,na,na,20/04/2023,gone,roman,,,,
baseline,14/12/2018,KNDE,H,West,50m,OP.edge,H-West-50m-OpEdge,9.57,na,na,28/12/2018,gone,Roman,Maghdalen alviona,15/02/2019,,
post1,01/04/2021,KNDE,H,West,50m,OP.edge,H-W-50-OPE,,529,107,07/04/2021,,Rohman,Novya,26/04/2022,,
post2,10/04/2023,KNDE,H,West,50m,OP.edge,HW 50 OPE,09:27,na,na,20/04/2023,gone,roman,,,,
baseline,08/12/2018,KNDE,I,East,150m,buffer.core,I-East-150m-BufferCore,11.1,660,117,21/12/2018,,Roman,Maghdalen alviona,15/02/2019,,
post1,10/03/2021,KNDE,I,East,150m,buffer.core,I-E-150-BC,,438,119,19/03/2021,,Rohman,Novya,26/04/2022,,
post2,10/04/2023,KNDE,I,East,150m,buffer.core,IE 150 BC,08:50,250,86,20/04/2023,,roman,,,,
baseline,08/12/2018,KNDE,I,East,150m,OP.core,I-East-150m-OpCore,11.24,106,55,21/12/2018,,Roman,Maghdalen alviona,15/02/2019,,
post1,10/03/2021,KNDE,I,East,150m,OP.core,I-E-150-OPC,,428,135,19/03/2021,,Rohman,Novya,26/04/2022,,
post2,10/04/2023,KNDE,I,East,150m,OP.core,IE 150 OPC,08:59,337,91,20/04/2023,,roman,,,,
baseline,08/12/2018,KNDE,I,East,150m,OP.edge,I-East-150m-OpEdge,11.15,512,85,21/12/2018,,Roman,Maghdalen alviona,15/02/2019,,
post1,10/03/2021,KNDE,I,East,150m,OP.edge,I-E-150-OPE,,504,135,19/03/2021,,Rohman,Novya,26/04/2022,,
post2,10/04/2023,KNDE,I,East,150m,OP.edge,IE 150 OPE,08:54,na,na,20/04/2023,gone,roman,,,,
baseline,13/12/2018,KNDE,I,West,250m,buffer.core,I-West-250m-BufferCore,10.52,199,48,28/12/2018,,Roman,Maghdalen alviona,15/02/2019,,
post1,25/03/2021,KNDE,I,West,250m,buffer.core,I-W-250-BC,,na,na,01/04/2021,,Rohman,Novya,26/04/2022,,
post2,22/05/2023,KNDE,I,West,250m,buffer.core,IW 250 BC,09:20,422,105,30/05/2023,,roman,,,,
baseline,13/12/2018,KNDE,I,West,250m,OP.core,I-West-250m-OpCore,11.1,na,na,28/12/2018,gone,Roman,Maghdalen alviona,15/02/2019,,
post1,25/03/2021,KNDE,I,West,250m,OP.core,I-W-250-OPC,,na,na,01/04/2021,,Rohman,Novya,26/04/2022,,
post2,22/05/2023,KNDE,I,West,250m,OP.core,IW 250 OPC,09:33,588,109,30/05/2023,,roman,,,,
baseline,13/12/2018,KNDE,I,West,250m,OP.edge,I-West-250m-OpEdge,11,244,53,28/12/2018,,Roman,Maghdalen alviona,15/02/2019,,
post1,25/03/2021,KNDE,I,West,250m,OP.edge,I-W-250-OPE,,564,112,01/04/2021,,Rohman,Novya,26/04/2022,,
post2,22/05/2023,KNDE,I,West,250m,OP.edge,IW 250 OPE,09:25,na,na,30/05/2023,gone,roman,,,,
baseline,10/12/2018,KNDE,I,East,350m,buffer.core,I-East-350m-BufferCore,9.2,518,104,21/12/2018,,Roman,Maghdalen alviona,15/02/2019,,
post1,20/03/2021,KNDE,I,East,350m,buffer.core,I-E-350-BC,,438,110,29/03/2021,,Rohman,Novya,26/04/2022,,
post2,06/04/2023,KNDE,I,East,350m,buffer.core,IE 350 BC,11:10,na,na,14/04/2023,gone,roman,,,,
baseline,10/12/2018,KNDE,I,East,350m,OP.core,I-East-350m-OpCore,9.4,670,130,21/12/2018,,Roman,Maghdalen alviona,15/02/2019,,
post1,20/03/2021,KNDE,I,East,350m,OP.core,I-E-350-OPC,,548,113,29/03/2021,,Rohman,Novya,26/04/2022,,
post2,06/04/2023,KNDE,I,East,350m,OP.core,IE 350 OPC,11:27,na,na,14/04/2023,gone,roman,,,,
baseline,10/12/2018,KNDE,I,East,350m,OP.edge,I-East-350m-OpEdge,9.3,599,114,21/12/2018,,Roman,Maghdalen alviona,15/02/2019,,
post1,20/03/2021,KNDE,I,East,350m,OP.edge,I-E-350-OPE,,560,116,29/03/2021,,Rohman,Novya,26/04/2022,,
post2,06/04/2023,KNDE,I,East,350m,OP.edge,IE 350 OPE,11:16,540,134,14/04/2023,,roman,,,,
baseline,13/12/2018,KNDE,I,West,400m,buffer.core,I-West-400m-BufferCore,11.2,681,150,28/12/2018,,Roman,Maghdalen alviona,15/02/2019,,
baseline,13/12/2018,KNDE,I,West,400m,OP.core,I-West-400m-OpCore,11.39,672,120,28/12/2018,,Roman,Maghdalen alviona,15/02/2019,,
baseline,13/12/2018,KNDE,I,West,400m,OP.edge,I-West-400m-OpEdge,11.27,674,125,28/12/2018,,Roman,Maghdalen alviona,15/02/2019,,
post2,10/04/2023,KNDE,I,West,40m,buffer.core,IW 400 BC,11:12,620,125,20/04/2023,,roman,,,,
post2,10/04/2023,KNDE,I,West,40m,OP.core,IW 400 OPC,11:30,638,117,20/04/2023,,roman,,,,
post2,10/04/2023,KNDE,I,West,40m,OP.edge,IW 400 OPE,11:20,619,119,20/04/2023,,roman,,,,
baseline,14/12/2018,KNDE,I,West,50m,buffer.core,I-West-50m-BufferCore,10.15,424,122,28/12/2018,,Roman,Maghdalen alviona,15/02/2019,,
post1,01/04/2021,KNDE,I,West,50m,buffer.core,I-W-50-BC,,427,106,07/04/2021,,Rohman,Novya,26/04/2022,,
post1,01/04/2021,KNDE,I,East,50m,buffer.core,I-E-50-BC,,567,109,07/04/2021,,Rohman,Novya,26/04/2022,,
post2,17/05/2023,KNDE,I,West,50m,buffer.core,IW 50 BC,10:21,303,80,27/05/2023,,roman,,,,
baseline,14/12/2018,KNDE,I,West,50m,OP.core,I-West-50m-OpCore,10.26,244,60,28/12/2018,,Roman,Maghdalen alviona,15/02/2019,,
post1,01/04/2021,KNDE,I,West,50m,OP.core,I-W-50-OPC,,443,117,07/04/2021,,Rohman,Novya,26/04/2022,,
post1,01/04/2021,KNDE,I,East,50m,OP.core,I-E-50-OPC,,537,121,07/04/2021,,Rohman,Novya,26/04/2022,,
post2,17/05/2023,KNDE,I,West,50m,OP.core,IW 50 OPC,10:39,na,na,27/05/2023,gone,roman,,,,
baseline,14/12/2018,KNDE,I,West,50m,OP.edge,I-West-50m-OpEdge,10.2,489,93,28/12/2018,,Roman,Maghdalen alviona,15/02/2019,,
post1,01/04/2021,KNDE,I,West,50m,OP.edge,I-W-50-OPE,,375,115,07/04/2021,,Rohman,Novya,26/04/2022,,
post1,01/04/2021,KNDE,I,East,50m,OP.edge,I-E-50-OPE,,510,108,07/04/2021,,Rohman,Novya,26/04/2022,,
post2,17/05/2023,KNDE,I,West,50m,OP.edge,IW 50 OPE,10:27,na,na,27/05/2023,gone,roman,,,,
